Unnamed: 0,US,Europe,Japan,China,Korea,Unnamed: 49,Unnamed: 50,Energy&Fuel,fx
2020-01-03,,,,,,,,,
2020-01-10,0.9428567012380817,0.19362704085290616,0.8198550765071255,0.43956998378753553,1.3751688521727923,1.7616464403556797,2.9909484454939017,-6.360031720856463,-0.4499100179964022
2020-01-17,1.968242301744061,1.2931240158419621,0.7995196760496759,-0.20008743316406452,2.002365855537791,0.10441855352822937,-0.7005477009298211,-0.8468834688346916,-0.18508156501528816
2020-01-24,-1.02564256581833,-0.21669493122291605,-0.8904691351451555,-3.6331034814734653,-0.1972833548834374,-7.554213560252531,-4.136736788096462,-7.430816535702089,0.7891332470892687
2020-01-31,-2.122610735342756,-3.052119724294211,-2.610464184179584,0.0,-5.659512138656265,-10.517251618267121,-12.14290493075534,-4.85329396567632,1.9723612715526473
2020-02-07,3.1681713336144224,3.323512941004614,2.683883512215801,-2.5982167386797927,4.386010448275357,5.083620918502785,6.693572951568694,-2.4049650892164487,-0.43635143072920934
2020-02-14,1.5761589801995823,1.4515977000659763,-0.5891812902310667,2.2528956093408326,1.4304120798390718,0.08841732979665284,1.9127828135036662,3.4379968203497535,-0.2865571007164003
2020-02-21,-1.254674334942718,-0.569079252996374,-1.2700743300605888,4.0564431393298905,-3.5991424458122867,-7.161786976274609,-5.154422578611939,2.5552353506244074,2.201842616854033
2020-02-28,-11.490674855816053,-12.245660756418342,-9.594240154891198,-5.047367266820735,-8.12958887388804,-21.9329844355332,-32.585099313298386,-16.148370176095927,0.4424595790431196
2020-03-06,0.6143753681174813,-2.355916411553294,-1.859767979507121,5.036991916346234,2.6778929144795516,-33.632247954031,-44.55640744797371,-7.774798927613935,-1.827912721284486
2020-03-13,-8.792646945030391,-18.44056706652126,-15.993927637682381,-5.876511111486993,-13.174069463097116,25.974025974025984,-3.141050967996828,-23.13468992248062,2.272917889792847
2020-03-20,-14.979601773502216,-2.0457280385078214,-5.038250707788672,-6.214909724771589,-11.58887684595583,-11.965010934083098,-36.079951050377325,-29.30980144973212,2.3495161554862865
2020-03-27,10.262829078666492,6.094731094731087,17.136646724457382,1.5558876826470946,9.678510998307942,-20.203453986278696,-22.846202935545634,-4.101649576460087,-2.960618564961348
2020-04-03,-2.0783247490625434,-0.5918301704728179,-8.093275563025838,0.08517382468207213,0.44884818917991787,-11.829232137562995,-5.33498759305211,31.75267317526731,1.6720336883824682
2020-04-10,12.10174190826352,7.357794602989709,9.418025284803377,1.5070477914047586,7.839159866468837,20.897780766644235,-1.5290519877675823,-19.689484827099502,-1.82726276038494
2020-04-17,3.0374719515954274,0.5033152501507043,2.045080390799292,1.8653924726333093,2.8929972590960418,-10.76345431789736,-10.425909494232478,-19.72759226713533,0.7527815692600415
2020-04-24,-1.3156796170544438,-1.1635229555882254,-3.1927009045466526,-1.1074387483754333,-1.3329642262069563,-6.373694872993618,11.193660227835567,-7.279693486590033,1.4532616281456523
2020-05-01,-0.21256794771462584,2.366576655845143,1.8552071435987916,3.0447962454272837,3.0995071492474935,1.8308921438082493,-15.367483296213813,16.7650531286895,-1.387933476308023
2020-05-08,3.500535201415911,1.084798008239729,2.8529997171160115,1.304510067525766,-0.08934256197498103,11.654135338345872,-17.47368421052632,25.075834175935263,0.11489536315141269
2020-05-15,-2.2561266980681394,-3.7560475003665106,-0.7018155922789315,-1.2816566673899077,-0.9528116680885157,-5.899575464792861,-7.461734693877542,18.957154405820532,0.9263054348717104
2020-05-22,3.2038970562559,3.6345357055812766,1.7501710545293259,-2.2684406642779487,2.2233406666390065,2.5357809583073987,15.506547208821498,12.979952429493725,0.4710851202079258
2020-05-29,3.006648733695383,2.9955610430079105,7.306838871187971,1.1234133355648268,3.018582530086844,-0.9861932938856066,-4.35560859188544,6.736842105263174,0.10913500404203802
2020-06-05,4.914742585347742,7.124100924763099,4.506101822433517,3.4711483261012255,7.502463539613724,37.15905608335888,28.63381160324392,11.439842209072971,-2.5154439374974635
2020-06-12,-4.778439101670983,-5.664499626984975,-2.4416400998437227,0.04573570759136558,-2.2719043756043944,-21.416601497039434,-6.401551891367596,-8.318584070796453,-0.27335984095426813
2020-06-19,1.8554504473401234,3.219793255380443,0.7769839519257138,2.3889105388850584,0.4230173990526609,-1.3790162069945988,-3.886010362694303,9.624931053502483,0.4776144198023191
2020-06-26,-2.863055001388093,-1.9537021835494994,0.14809515992630917,0.9827482305408308,-0.31149010890478834,-7.553697563788386,-10.458221024258762,-3.169811320754712,-0.7398834373579133
2020-07-03,4.019873381964412,1.9842598794373778,-0.9132874438967931,6.779673301940825,0.8319865083268763,4.366131295805409,-8.127633955448522,5.611847233047529,-0.170733738652451
2020-07-10,1.75814134779122,0.383110308403789,-0.07024864523671459,7.5466105529912175,-0.10035262798443467,-3.6754818467055084,0.1965923984272644,-0.24600246002460802,0.4838776957410307
2020-07-17,1.246138196066604,1.6029223345964017,1.8196288066696376,-4.385110443013351,2.3690268573421713,-2.8075073677679585,-5.101373446697188,0.09864364981506668,0.049815268379749256
2020-07-24,-0.28219416819392773,-1.454213731855858,0.24316610284795814,-0.8605628534336662,-0.034072478977276166,-6.032556654963306,1.516195727084746,1.7245627001724495,-0.2987427907555573
2020-07-31,1.725633857129072,-2.9840180783577086,-4.5781815001224135,4.204998679418237,2.2236461798549323,-10.292119565217394,-28.445349626612348,-2.4703317994671736,-0.8572974322693327
2020-08-07,2.4505368191934274,2.0262116577330014,2.8555504375863627,0.2743314767680971,4.547940089891855,6.7777357061718835,22.39089184060723,2.359076235410962,-0.5372958905259684
2020-08-14,0.643634670931692,1.2432952826296084,4.2965632688668265,-0.07009450013063523,2.3736323548797067,25.780141843971638,12.4031007751938,1.916545366327016,-0.012660898923833042
2020-08-21,0.7207554442089092,-0.8096286032548194,-1.5846721421284293,0.30204288116175704,-4.274161055705306,-11.44629264166902,-1.2413793103448256,0.7855272554153858,0.14350835725138733
2020-08-28,3.2630196988072457,1.0161877893122284,-0.1642648656431156,2.6580685083622324,2.1353038935342017,14.788283985991724,-11.312849162011174,1.4879546528105747,-0.16016184776194153
2020-09-04,-2.3104267091598962,-1.8627982646420849,1.4105883715391343,-1.5286100898587396,0.6139009261619366,-0.4298987657745057,12.44094488188976,-7.447056085641135,0.44326241134751143
2020-09-11,-2.509221000536921,1.6660680242035708,0.8664351403960158,-2.9965074986059492,1.2008867307083282,-7.270194986072431,-11.064425770308128,-6.135277847623843,-0.23116042533518621
2020-09-18,-0.643525682661028,0.2228503098162804,-0.197338430495142,2.3731003959129415,0.6554873596501753,4.190447581856427,9.527559055118108,10.125904098580229,-2.2284943971691007
2020-09-25,-0.6329323657089714,-3.5983513205705253,-0.6664297975625288,-3.526848761581469,-5.53846791576853,-5.66527317284129,-7.332854061826033,-2.0919484310386705,1.0383902796329059
2020-10-02,1.5152525724125843,2.019633765576212,-0.7529535066723714,0.38030468137992823,2.154652249658806,7.044621026894871,0.0,-7.950310559006213,-0.24733475479744582
2020-10-09,3.843282244866275,2.1119964708153027,2.5609750802217945,2.0434232898809856,2.752277813814241,10.449678800856542,18.619084561675734,9.5816464237517,-1.385088919288635
2020-10-16,0.19211246056374254,-0.774942621844199,-0.88510899169294,2.3613906014346986,-2.1083128480409274,-3.6318986687346566,-6.409417920209293,0.6896551724137945,-0.5202011444425225
2020-10-23,-0.5287314750230365,-1.3551757918798368,0.4526149018629466,-1.5274392279951976,0.8233932514210673,13.049892703862653,8.595387840670865,-2.5195694716242722,-1.2680843646505346
2020-10-30,-5.639480693370724,-5.555862068965512,-2.293955033446593,-0.4908349917028487,-3.967282415781015,3.6540514889073394,-1.8661518661518772,-10.188205771643666,0.2030277618396248
2020-11-06,7.3236369863851625,7.021848346769466,5.8671383240639585,4.054880061678312,6.58756588668592,-6.317958109190802,0.13114754098360049,3.772003352891873,-1.2905783376646385
2020-11-13,2.1573242454636654,5.125545851528401,4.360246542375967,-0.5909057416307095,3.2017380509000493,9.505192425167985,17.2233136869679,8.050619278406046,-0.4328424810352449
2020-11-20,-0.7701211943712316,1.1501116361181785,0.5573966935149333,1.7797543675427407,2.3910628861969485,-8.033024656922905,-12.122905027932962,5.033640667829542,-0.1344507686102281
2020-11-27,2.2715134615492794,0.9291342624675902,4.377027480700124,0.7581994987144292,3.130996671235553,1.5770957175785583,-3.1150667514303843,8.018979833926455,-0.9648611048781564
2020-12-04,1.6702626190443493,0.20598631843959936,0.3998166990746066,1.709575025548249,3.7213541172226527,15.358891675624031,-1.1154855643044637,1.6033384581594534,-1.9349284031176528
2020-12-11,-0.9640130625662269,-0.9948228606232901,-0.36902962255207505,-3.479920725159491,1.4135349356568794,-7.195361838699654,-23.68944923689449,0.6701253782965821,0.7439582274386458
2020-12-18,1.2542787419543178,1.4815954065415804,0.4159831790764956,2.256612463519736,0.0765326382822007,5.555555555555558,5.217391304347818,5.432681984109955,0.8668929456013164
2020-12-25,-0.17118625333947257,0.020207123010873573,-0.3989778574388314,0.8408050448302617,1.2510010172499753,-2.441344324667094,-1.7355371900826366,-1.7718940936863659,0.30467009231049946
2021-01-01,1.4315187979671018,0.7702409212586359,2.9544642023122902,3.357391199144777,2.3731144410479965,-1.0724731881702976,1.8502943650126058,0.6012855069458922,-1.5005893553359462
2021-01-08,1.8266432734214133,3.04237776608276,2.5319038615487344,5.452392785663451,9.699422649270751,22.130968024529118,9.744013212221292,7.666941467436117,0.308372071615981
2021-01-15,-1.4754175512722623,-0.8074519055378482,1.3509705203057942,-0.6796556411418297,-2.1026718017371993,-2.8512507845422808,0.07524454477052522,0.22970903522203656,0.8947416720198165
2021-01-22,1.9430770251442908,0.16917984553144194,0.393664894993484,2.046507196669878,1.7735506659321443,0.1845869866174521,-9.09774436090226,-0.1718869365928133,0.3365319023147961
2021-01-29,-3.312013369881839,-3.106182993097373,-3.381107139177375,-3.910746923576869,-5.235255346857159,-1.8424689083371693,-9.594706368899919,-0.13392003061029056,1.4141322576258775
2021-02-05,4.64671103644354,3.458380699760011,4.033489749448638,2.4561095374404873,4.8524801677301,9.197559831065227,-7.3193046660567145,8.908045977011492,0.4513966480446996
2021-02-12,1.2349395265550678,1.0890267128973896,2.574360153986266,5.91438539157203,-0.6424984698602532,3.841856467554794,7.60118460019743,4.608619173262962,-1.5082754938601228
2021-02-19,-0.7146433263952923,0.2125603864734371,1.6864797407323273,-0.49726915209411526,0.22705429306775216,10.610826022181774,-3.8532110091743066,-0.386749621657978,-0.0903464787459951
2021-02-26,-2.4460479533930046,-2.3838218279984558,-3.504273447327466,-7.6499781963162095,-3.0463827623712025,5.12571086501048,21.183206106870234,3.8149898717082964,1.5870145137224956
2021-03-05,0.8078926308332068,0.9111336082372468,-0.3510666467352541,-1.3858595852164979,0.44175973713471706,11.474126272332551,7.795275590551176,7.463414634146348,0.22253872173758626
2021-03-12,2.6392916078856077,3.523539199373582,2.9569724836753464,-2.2121304248688967,0.929530179165039,3.741778941319196,7.377647918188468,-0.7262823422605647,0.6927791100452829
2021-03-19,-0.7668626088544239,0.06381771768932953,0.24974905637455969,-2.7065626712368673,-0.48651285526732924,5.927248107342886,1.4965986394557929,-6.386221612559062,-0.2293375672576592
2021-03-26,1.570110653957224,0.8456359985827389,-2.065483912654542,0.6171249168678727,0.048691738525374895,-2.6147588611272643,-7.037533512064353,-0.7326603712145885,-0.15471664751127712
2021-04-02,1.140509341961593,1.239079005926036,2.321372876301986,2.452763899888666,2.3607288368009405,2.7207637231503545,34.24657534246576,0.7872724290634903,-0.16381104174967298
2021-04-09,2.709789122533812,1.1591319235574549,-0.28786762242914987,-2.445384728647937,0.6129529683885915,-3.6651951672862393,-16.86358754027928,-3.466232709519934,-0.5809312638580866
2021-04-16,1.372553768649487,1.2030281545182042,-0.28449956093881124,-1.3734921574312775,2.130988415903534,-4.745251733494116,4.134366925064614,6.422791638570469,-0.3969847004772764
2021-04-23,-0.1266285506765108,-0.7796786368053477,-2.232697971962072,3.4084547881872984,-0.3914187993572238,-1.3989112545891857,-2.295285359801491,-1.568192618406461,0.10747872816838644
2021-04-30,0.02392247205256215,-0.37581997084549235,-0.7167315113421058,-0.23289098326340074,-1.2002134270738485,4.378249983950688,0.5714285714285783,2.317347924042479,-0.47418806477587117
2021-05-07,1.2300384820516763,1.7238619995884719,1.8921910287259314,-2.4873670095969636,1.5674140527215163,-3.0014146011439813,-8.585858585858585,2.076124567474058,0.8000719165767611
2021-05-14,-1.388035722723624,-0.5394106938170107,-4.337345211599497,2.292611162818625,-1.3724508945327063,3.252805782765833,1.5193370165745623,0.7241910631741177,0.6644073842861031
2021-05-21,-0.43101692681818404,0.43160915644138154,0.830921858236966,0.46100352405493705,0.09830908375934033,-0.41758781626136665,4.285714285714293,-2.7382591402784207,-0.16832779623477956
2021-05-28,1.1610111986448013,1.0215102151021505,2.93659507102062,3.6411090443403626,1.0236280342920123,-1.683522446965957,-8.21917808219178,4.30953129915066,-1.0161068465190382
2021-06-04,0.6132094545575839,0.7995901821907347,-0.7131876768689316,-0.7293618412768876,1.6103589830434029,-2.5653891990215283,2.9140014214641186,4.975874547647785,0.09413663259816296
2021-06-11,0.41490440649754046,1.0915438495702423,0.024912305918967093,-1.0900595954777104,0.28517814374955375,-6.540491824385219,1.4502762430939065,1.852915828784818,-0.47024049442428995
2021-06-18,-1.906795622775126,-1.193416537343439,0.053024778634513936,-2.339464466859331,0.5727352184456969,-0.9436561509849839,72.97481279782163,1.029473981102802,1.8808495320374208
2021-06-25,2.7421425914147646,1.2343767282380291,0.35250558622956785,2.694773315668675,1.0682603360537168,5.980112648633629,4.722550177095641,3.3640424343941877,-0.38424167476370785
2021-07-02,1.6735580629336333,-0.17918405698926776,-0.9732961125266559,-3.031505905568166,-0.6376330672996589,-6.58093300964504,-12.213453588876366,1.4989871708305236,0.6295721569496759
2021-07-09,0.3954194755005469,0.1882620783257849,-2.9282972614656844,-0.22987057971471936,-1.9449810773421894,-4.516083719623543,-8.98972602739726,-0.7982969664715234,1.2380490813764133
2021-07-16,-0.9701227815221314,-0.6401992702165349,0.22426291372859009,0.49966071203133566,1.8322223776006563,-5.090106656859139,4.186265286923807,-3.6883047210300446,-0.7703020280268147
2021-07-23,1.9557862431710538,1.4887628095175298,-1.6251069525209383,-0.10873896171958997,-0.6863172928154859,-1.085018987832287,-10.564334085778782,0.3620665645453158,0.9429410990746012
2021-07-30,-0.3746778518469718,0.04983640657840738,-0.9598155945985232,-5.463694900800309,-1.600899699485625,-4.230980177074361,-7.168096920747091,2.6085749965311544,-0.04779283976363846
2021-08-06,0.9387385501654189,1.782388357084086,1.9662001957953423,2.294452284995141,2.124709585550466,6.103247975128845,13.268080478520927,-7.667342799188647,-0.7041947402738447
2021-08-13,0.7095651546707771,1.246888099240362,0.564736786862996,0.49618413673711004,-3.0293301043310294,-1.5575603361862922,-0.5760921747479664,0.23432923257176164,2.346451867092769
2021-08-20,-0.589301700984779,-1.477418405733133,-3.4453116203759238,-3.5728005370017524,-3.493215694559615,-1.6996945249471374,8.20859488169965,-8.94213909994155,0.9153513837204308
2021-08-27,1.5242014827756112,0.7551194539249018,2.32437785160986,1.2112964877224242,2.3979663520132144,4.143426294820718,-4.016064257028107,10.301668806161747,-0.8943330648921499
2021-09-03,0.5779077786919329,-0.08680188000168565,5.3795538100092966,0.3318804070403525,2.143016688471233,1.1706197398622775,-4.184100418410042,0.8001163805644529,-1.0307073817466428
2021-09-10,-1.694436911163888,-1.1844977009302315,4.304192754009795,3.5196755770112276,-2.352345785458554,1.421765106254247,3.2023289665211063,0.6205801702987346,1.0414415971651936
2021-09-17,-0.5739495534452743,-0.9649611871166974,0.389081108978262,-3.1431010547479765,0.4718852375102278,1.5285959287152373,4.231311706629048,3.2271944922547258,0.5303224702762899
2021-09-24,0.5073325227442416,0.3139615451238642,-0.8237363545305576,-0.1340626119762489,-0.4862267593480185,6.558460634547614,21.560667568786652,2.792830345977504,0.1191185229303171
2021-10-01,-2.2094140249759753,-2.2426557879513975,-4.885283090475301,0.3495256143505543,-3.3936593669606108,0.7374732924391614,-2.115027829313554,2.568261692349272,0.9730602532506127
2021-10-08,0.7872316985843675,0.9693088982115405,-2.509917079900059,1.3061043321729748,-2.0826847024688733,10.27640941434045,20.470053070507976,4.573010015814449,0.5596936413752251
2021-10-15,1.8224505504014665,2.6460233112466813,3.635395847401024,0.04401676288150469,1.9876196597097717,-2.5747611366174428,24.26054122089363,3.692501575299323,-1.0378305992634673
2021-10-22,1.6444624354504223,0.5304757238117519,-0.9074387062617095,0.5600037306548344,-0.2951848387760192,3.954658345539075,14.813876930868597,1.798736023334957,-0.45246955345061846
2021-10-29,1.3307223481264785,0.7692633720437492,0.30494864580097314,-1.02747528595305,-1.1802432338930746,-4.919137466307277,9.616232906925436,-0.22683858643745003,-0.7263922518159771
2021-11-05,2.000920662355754,1.66768311917731,2.4881033922421247,-1.3530884518932473,-0.04746388032369486,-6.494426905482897,-19.356136820925553,-2.752183798013641,1.4163457424047898
2021-11-12,-0.31250465670255023,0.6846764851894838,-0.00540329337485046,0.950571520026422,-0.01582880640695894,7.5794115620478,27.61976047904191,-0.5906238464377878,-0.45989620691110344
2021-11-19,0.3226667520847215,-0.1376476630713941,0.45896703036172326,0.03436721367815476,0.07477768795471906,-0.9671427656440024,-0.9384164222873692,-5.805173907661853,0.4832146490335809
2021-11-26,-2.199678158179297,-4.532175773535219,-3.34248082170735,-0.6120579297595574,-1.163910037630167,-4.727719570560074,-1.7169923031379541,-10.446780551905377,0.6749346157091107
2021-12-03,-1.2229520613238898,-0.2758323456524159,-2.5113367525029906,0.8413355198317873,1.0860089087466385,-8.831715430045485,17.93172690763054,-2.7732942039618513,-1.1229363948713544
2021-12-10,3.8248909865305825,2.763791948484129,1.4563191657952723,3.144243443201611,1.4115681207951924,10.4765450483991,11.408138940916057,8.164805312405665,0.12289177048900868
2021-12-17,-1.9392956736176914,-0.34906215829758613,0.37946013347740504,-1.9853138995711173,0.2491503971457254,-5.499764103255378,-2.55234601864589,-1.1301799916282995,-0.029627121513520205
2021-12-24,2.275658783198864,1.8168389955686814,0.8299329355615281,-0.6743010761368851,-0.17562870104350647,6.461735967477367,7.920326223337537,4.134913914761507,0.46570702794241914
2021-12-31,0.8546719172879191,1.096350334708096,0.031685821185645224,0.3864793196988625,-1.1545496492864515,1.165672941649376,6.408952187182093,1.9243799972895825,0.20227560050569693
2022-01-07,-1.8704706914132618,-0.31775317753177656,-1.0876394628870578,-2.388485072980362,-0.7643611572884734,16.681014502350845,17.741054356733144,4.906262465097733,1.0640087475817905
2022-01-14,-0.3031838581321722,-1.0467866323907393,-1.2440235742256722,-1.983257195113608,-1.115777575476573,1.2542565266742356,12.14476278853962,6.2357414448668935,-1.1859681245058429
2022-01-21,-5.681289340210405,-1.3966248233435952,-2.1405703541566234,1.1123969424951419,-2.9990554156171356,-1.4573174149431045,3.578816714935873,1.5748031496063186,0.5685168028299437
2022-01-28,0.7710428064048314,-1.8737880448528754,-2.9246144757007486,-4.509856025242131,-6.03149289592807,0.6427393208577437,16.067505492310772,1.973220577871726,0.992420752899803
2022-02-04,1.5496914381127436,-0.7303189775534347,2.7047977081550822,0.0,3.26357130520325,7.861421950943814,12.698958960681406,6.323427781617141,-0.7338916991458722
2022-02-11,-1.8195634736353106,1.605539327058314,0.933272934866225,0.8245376081616573,-0.09271850661393133,1.4985590778098024,14.489655698908322,0.8558119380348783,0.12113111398854848
2022-02-18,-1.5789926312168578,-1.8655365547202707,-2.0725315640336195,1.0831486069457164,-0.11609667686910408,-0.4388002684425185,-2.28712409148496,-2.1804511278195493,-0.2294534835210693
2022-02-25,0.8227424595354638,-1.5798268266747795,-2.3802386764727013,-1.6728872300719733,-2.4689198839869864,1.7162708700611873,7.117510577316777,0.5709893488525353,0.501777127325953
2022-03-04,-1.2721653951854761,-7.000639428483235,-1.854588030895321,-1.683637882289657,1.3699397779404876,-11.775500841107212,-5.975664139644521,26.301998034719954,1.031828583316008
2022-03-11,-2.8774252865066297,2.2262791028498263,-3.165961593151878,-4.223572923408126,-1.9219217005782219,15.080603224128964,18.43620841520428,-5.489280774550487,1.4454556685747244
2022-03-18,6.155825807326276,5.434051534197648,6.61552499366127,-0.943220976565784,1.7187218180724884,7.917859115328607,10.766590389016017,-4.234885209914929,-1.9038726962734454
2022-03-25,1.7911236982200984,-0.23097228332600306,4.929320475349286,-2.1409315736421353,0.8481651410037649,15.06001674886015,17.219295527321577,8.787010506208226,0.8690254500310468
2022-04-01,0.06163246798411848,1.0561128872230041,-1.7188730024753296,2.4335440536390696,0.361541110191288,-3.675548906231041,8.230525202678884,-12.844600526777883,-0.2666666666666706
2022-04-08,-1.266647015086253,0.5738098354933108,-2.458542946969533,-1.061466362343777,-1.440224829826453,13.340609520611203,2.2431200130272,-1.0174272186964761,0.8227067050596393
2022-04-15,-2.1319971124796,-0.24947393539710427,0.39795003298030984,-0.9931998194182223,-0.16034720910682587,4.722222222222228,-2.2934501294047283,8.843883574190926,0.35087719298245723
2022-04-22,-2.7503135963065195,-1.41577138880431,0.04454994040938853,-4.189794091316024,0.32083855700542063,2.518125552608308,8.692285749215522,-4.562879850397394,0.7480891201821382
2022-04-29,-3.27381091722887,-0.6441508018795172,-0.9494836057650669,0.07450320812307787,-0.35715474117372636,1.203987994618294,1.777144571085798,2.56686587635937,1.3599677158999013
2022-05-06,-0.20789316372736844,-4.54717023024489,0.5797846386495831,-2.6746409577116825,-1.8752898833045761,6.575538587401142,0.5967730052309772,4.8524214347120065,1.389497153322461
2022-05-13,-2.411879689766072,0.8304063641227266,-2.1327187970771266,2.041025168720978,-1.52277737652724,-6.652806652806653,-5.595429910648897,0.6559169171904911,0.8521165475536163
2022-05-20,-3.0450633590878406,-0.5490449386361562,1.178235673622119,2.231359374216524,1.3458820999600718,-4.707897892753121,0.1047323506594422,2.4798624309892325,-1.2459603628859561
2022-05-27,6.5843705784649265,2.9761076316399793,0.15950466415572961,-1.8711987443594258,-0.046982332369682744,-1.5569379022688845,-4.064788623241766,1.6250110394771644,-0.9304892954303701
2022-06-03,-1.1952172072799971,-0.8650012389340711,3.6588070651281113,2.206033039262234,1.235761263054136,7.137117393527648,7.137087002181097,3.3023377074824056,-1.1103593743781448
2022-06-10,-5.054836998057699,-3.9491922106841826,0.2259238220316817,3.6536848617336304,-2.8000673993222702,7.578753579708164,15.483506126295964,1.514259274838059,2.104797166773964
2022-06-17,-5.7941069405208045,-4.603628965484607,-6.689442929181666,1.6525162833599616,-5.96871183842026,2.221517984471566,3.764037607730475,-9.20692798541477,1.5056560640100969
2022-06-24,6.4465391690522456,2.4004959702417894,2.0373993760351317,1.9895382730260147,-3.045150823661469,-2.960689484126977,-3.6274972471291522,-1.7707192405987615,0.8348541917446495
2022-07-01,-2.2089913951336193,-1.4045964207008432,-2.100070323196057,1.637173276417192,-2.5851432434716437,-7.9805757004568605,-7.518281535648996,0.7526482066530393,-0.08857054836722833
2022-07-08,1.93578070388698,2.453761697737833,2.24236012094563,-0.84939284307054,1.9601634409348367,6.943721140158998,9.594408556602762,-3.3570045190445486,0.24282135286182172
2022-07-15,-0.9288656145336027,-0.8007288070579266,1.0230344919654133,-4.0699696078829835,-0.8351023776806965,-5.359867545368946,0.49602215995103727,-6.870884626395646,1.9840049215625877
2022-07-22,2.5489495646051408,2.8831746338634057,4.20401015810159,-0.24243679578583865,2.6666895468858476,-5.653128430296384,-4.810743245408789,-2.9613689927246667,-1.002865329512892
2022-07-29,4.257338519750697,2.9550633060064557,-0.40487686398472666,-1.6075106825254704,2.438637104390051,-3.6976439790575966,-2.882154882154897,4.139387539598727,-1.0396831441846333
2022-08-05,0.36074948732411904,-0.5863697551849234,1.346071670592086,-0.3162993693196947,1.6031001427697422,6.724053309170541,11.832616835390365,-9.744473737578584,-0.0769674812391763
2022-08-12,3.255821807926784,1.1819517121086864,1.3171199327651761,0.8236887495760126,1.4910872008992992,0.15565303523419338,0.5115168800570391,3.460285361195359,0.32351242056614105
2022-08-19,-1.2072006822190784,-0.7961530609930323,1.342874097365132,-0.9563007766364873,-1.3944160067090206,4.976688330036749,-0.25908333847387555,-1.4333803887501384,1.7966140734768876
2022-08-26,-4.039749508097468,-2.5768245838668435,-0.9987787902868694,-1.0484043873025373,-0.4677677529094981,2.314861545708413,5.034324942791746,2.5228599757629144,0.4261417204057816
2022-09-02,-3.287609114612844,-2.3750850759229114,-3.458422743596856,-2.043553943348231,-2.8867043123219083,4.88342267091979,-0.2738032149796732,-6.651622609069419,2.3432219301539714
2022-09-09,3.646547374536846,1.0577685890809319,2.03939554820034,1.7442048309850966,-1.0429939279740563,3.7718693171129303,4.995128863696752,-0.0920916311730191,1.3245762089968416
2022-09-16,-4.770416191337878,-2.8855532031305753,-2.293481246511131,-3.935472996905076,-0.0629120740852529,4.220926367948752,8.733305215802044,-1.9357068786726606,0.575774035850074
2022-09-23,-4.649745825943052,-4.369978444052524,-1.5011072761007882,-1.9493068340164954,-3.893771141271962,6.818577143851123,8.636963098963047,-7.484431911643763,1.5014041909699571
2022-09-30,-2.9137096796029494,-0.65317622950819,-4.4804729203946625,-1.325978599696065,-5.873799126637569,3.9081582804103565,1.8471352740948577,0.9525019050037997,1.5324039587102378
2022-10-07,1.5071312632124911,0.9849168492974014,4.545207445210964,0.0,3.5885111969900185,1.3790941858643047,0.6801131184705822,16.54296137878979,-1.2821856548929311
2022-10-14,-1.554815559695133,-0.09191411136927341,-0.09348686076284807,0.9876763848626346,-0.9087081922573903,3.529654248467029,4.366497980407624,-7.588514680483593,1.1431200453001278
2022-10-21,4.735603825769519,1.2726482839692466,-0.7389235296462626,-2.5915621982735004,0.025762129669382183,4.9347999203663395,-0.5249227073555907,-0.6541291905151292,0.7837922950418186
2022-10-28,3.9520351742055704,3.6513664235786836,0.7981233576962676,-5.385143565533578,2.4978311162521694,-4.847392510731153,-1.2991078416027424,3.3509700176366897,-1.2880602714995137
2022-11-04,-3.3455009664040025,1.5142662381926186,0.34878916222718104,6.377547418625196,3.5280373831775513,3.6413029932956364,5.532146255267101,5.358361774744025,-0.17937535171637098
2022-11-11,5.897813316359679,3.6644443378579306,3.911177092133955,0.5643478676357505,5.737024309858074,-8.318103116583309,-7.004550918770402,-3.9412590432998607,-7.068108946125928
2022-11-18,-0.6909712917581801,0.24753620506177132,-1.2871693137137319,0.3465806506108171,-1.5576926174712846,0.4275409836065558,4.635165393227303,-9.982014388489201,1.6227488151658864
2022-11-25,1.532781552149376,1.7077054438880301,1.37370308070639,-0.6784039225898764,-0.2708142427019222,-3.9490179690764737,-1.771492863288393,-4.745254745254746,-1.1901652800059725
2022-12-02,1.1321073390758274,0.5808544914119862,-1.7859826192596628,2.5205388025785203,-0.14479912710329002,-5.2044811833804605,-4.062794771594136,4.850550603041426,-1.8124150430448571
2022-12-09,-3.3725470933516632,-0.9384375916443033,0.44319404994617173,3.288340071558671,-1.8604708482416132,2.6418449888130358,1.6995575531989493,-11.202800700175054,0.10383017997230848
2022-12-16,-2.0846994952190667,-3.276933937558346,-1.3400590157847336,-1.1007343231021594,-1.2147138599604812,-2.685632842411201,-3.82109891121698,4.604336806533382,0.4225730859360066
2022-12-23,-0.19572417946401854,0.638037387578283,-4.693080859893806,-3.1867139746549977,-1.9631189566190033,7.610131526046748,3.4176578991455875,7.093821510297471,-2.0159902069545876
2022-12-30,-0.1383679860175513,-0.5989004561937072,-0.5364919335626661,1.1339473697958846,-3.340551240658862,3.4052092228864295,2.4229941450093495,0.8798391151332297,-1.1868509408917038
2023-01-06,1.447584320875106,4.596483795805972,-0.4623579681542145,2.822067191338018,2.395367554999095,-8.175905853205334,-4.030909666049077,-8.086219785696503,0.25681548794942444
2023-01-13,2.6702917526726155,1.8271004905269894,0.5608332996456022,2.348469814538956,4.197434900893904,-1.531759415401912,-0.36022037010876584,8.25538836925579,-2.1596059113300536
2023-01-20,-0.6621506392704313,-0.09280947540549755,1.6616308416081083,2.629847976870092,0.3843107342975438,-0.7078635650064169,-1.4626308452068582,1.815677435512142,-0.46723325411849315
2023-01-27,2.4656334248768452,0.6745996638060747,3.1221084353003192,0.0,3.705651996025483,0.712909995113109,0.6906143590235336,-2.0046734718976666,-0.3439763668002138
2023-02-03,1.6194331983805599,1.2303095546718712,0.46343365996457386,-0.9541961913462238,-0.1457315158493011,0.6022548879691669,2.133841390807323,-7.894076305220887,-0.1583692032810835
2023-02-10,-1.1125401307391702,-0.6250406927534313,0.5871434771893114,-0.8528043306620714,-0.43017255281406763,5.884355671565578,5.32574733013107,8.625153290639043,2.895839264652067
2023-02-17,-0.27796384758682624,1.399899539190641,-0.5704532329537937,-1.7485284842108872,-0.7498795414883408,2.2186495176848897,2.2116448970555647,-4.23983943803311,2.743191430491332
2023-02-24,-2.6733903885425514,-1.4214947232392916,-0.2168055761013088,0.6578246181072833,-1.1259745187070846,3.365838313935199,4.260434490675569,-0.026198585276404618,0.3885661524256401
2023-03-03,1.904262929340761,1.4332532226349226,1.7265206451058335,1.7113800618066666,0.34906606260909356,0.2155609657131352,0.8912248628884623,4.4025157232704615,-0.26059630566414027
2023-03-10,-4.549342007692225,-2.261663722913887,0.7752223885657994,-3.9561317500090842,-1.5410740644800525,-6.402307867500068,-5.565736641614327,-3.765060240963858,1.7828325520633292
2023-03-17,1.4255785829153211,-3.8456452750352588,-2.878698349948494,-0.20972287340501605,0.045936882723141004,-7.3025657663503445,-16.327242597357284,-12.962962962962976,-1.6383540958852416
2023-03-24,1.3876690224273736,0.8709403864225029,0.18826514727741106,1.7234933641842698,0.8043611652592819,-1.5283205973283587,-1.842393287121491,3.775846568774366,-0.6754682222904429
2023-03-31,3.483262360267858,4.028538319965458,2.3962899736171828,0.5929899057622645,2.5631894524132948,2.7071855932705446,6.865425969681671,9.254981230147274,0.6066460587325961
2023-04-07,-0.10439708856231356,0.24025860562641999,-1.8657003838599029,1.7860096323560226,0.5470636208747992,-2.2205560041527295,-1.110476237795932,6.647284260605257,1.156047163651741
2023-04-14,0.7946368105392843,1.7366104501677748,3.5436769191131257,-0.7586193515841666,3.2556888223224334,3.6040818734147217,2.9719137818419394,2.255266418835178,-1.355455995140109
2023-04-21,-0.09957367001478534,0.44762373905034014,0.2488289422102552,-1.4523460410557187,-1.0534748336567423,1.6795718515144609,2.0176144819341824,-5.634997576345113,2.2170047342288557
2023-04-28,0.8699607114517116,-0.503198294243068,1.0224976080340564,-0.08629732403900858,-1.684876591730855,-4.193963827761915,-4.189783814807734,-1.3997688455117507,0.8020484241443082
2023-05-05,-0.7969818778360782,-0.2850162866449457,1.044862082779452,-0.3030460972576976,-0.023585565633832406,0.43834015195791665,-2.3088059105431324,-7.085178431883299,-1.1878968995143846
2023-05-12,-0.2942278634028406,0.03868388816057333,0.7900075279640761,-1.9696879169903037,-1.0204163234623809,0.7419260983415832,1.8728122844221984,-1.822259601906362,0.8959624981097924
2023-05-19,1.6464278093538454,0.7218200176158485,4.832024989536654,0.17217910690341398,2.519572436192652,6.067870036101097,6.98986757624398,2.1559109080525385,-0.5882573344823783
2023-05-26,0.32132786893068754,-1.586861469553158,0.3504244790779154,-2.372646747149232,0.8282797236966122,3.422643358928279,6.938746806066698,1.5653389238295068,-0.15076134479119485
2023-06-02,1.8290551546207956,0.1603779718688303,1.9663083983826102,0.2825276879730998,1.6628823554699412,-2.832846273332801,-1.424844911111589,-1.2797578092748174,-1.4532689113694652
2023-06-09,0.3850671473973444,-0.4630531212809652,2.350415014233498,-0.6507277637803899,1.5299689393240445,1.3195328799414652,2.1948453378994426,-2.1884583217173015,-1.0495269467958646
2023-06-16,2.5757991653601264,1.476054868372434,4.46583731001573,3.301013892146898,-0.5819412682306235,0.5856554527464253,2.578553398903294,2.2944278181558975,-1.4942128285526435
2023-06-23,-1.389244805072587,-2.9263067694944356,-2.742947266487239,-2.505960866438739,-2.1208855239756463,-0.7072022970781355,0.5748711312869803,-3.6500417943716945,2.50717176877433
2023-06-30,2.3468779968401687,1.939797854967562,1.2430776589507309,-0.5584842767784037,-0.2264503326718681,2.7311430636998812,3.252341179448237,2.139965297860047,1.035077630822312
2023-07-07,-1.1556316539261924,-3.0913774814365858,-2.4123023745188266,-0.43591979075849885,-1.4651286130999752,5.861808324862516,1.031580667565457,4.558323895809746,-0.952380952380949
2023-07-14,2.4203503108696456,2.9442644923489247,0.00876856604923315,1.9186031314530672,4.020643445429051,-5.648020484538129,-3.6454437008431206,2.1121039805036546,-2.995709469813068
2023-07-21,0.6862845195342526,0.9916889091422076,-0.2686218442876198,-1.9796876202200497,-0.7053989270631167,0.07045561296383784,1.5024341111297579,2.187748607796336,1.3664007582339543
2023-07-28,1.011608477318715,1.1559948431456801,1.408421492528067,4.469754651470081,-0.055177487585067464,3.0196354533364556,0.7690399404614023,4.554301284546525,-0.4947794919744508
2023-08-04,-2.274001959744487,-2.442754577509665,-1.729222573302236,0.6972655369495762,-0.21163047478837127,2.103424709545143,-2.2628426062694773,2.779846115661444,2.5566735836498156
2023-08-11,-0.3121908517807914,-0.023950531266325736,0.8725567091969477,-3.3908043118157094,-0.44336867988320483,2.9351975804452257,2.7413362439915323,0.44675199227239837,1.1414827823165608
2023-08-18,-2.1133275836964227,-2.3368251410153196,-3.149907694392229,-2.58093583059793,-3.348178106403843,2.4661625162564427,0.9765664902854132,-2.3320110590215104,1.0229117125278409
2023-08-25,0.8238532991891923,0.65783605387566,0.5517195768877992,-1.9780655391120505,0.5845478139349103,-0.45127626568889356,2.739504299443607,-1.7476923076923057,-0.9863996413092213
2023-09-01,2.4981217556307778,1.4931655552847811,3.435145400938766,2.219915614089474,1.7692545868828402,-1.336355480001894,-3.9268201421847615,7.165226105474121,-0.4716981132075526
2023-09-08,-1.290588316056851,-0.7574269312203841,-0.317266991576437,-1.358305046301056,-0.6252657281829888,2.0412558629271604,2.2978374500358667,2.29105786090007,1.0767772511848461
2023-09-15,-0.1608528566525158,1.5989970527427122,2.840661652585763,-0.8344942098775565,2.1038748979463895,1.6017447996059975,0.8395784074059165,3.7252885384527312,-0.521399902471964
2023-09-22,-2.9269805317370334,-1.8769077565864989,-3.3718336127091075,0.8129357902059375,-3.580929388608689,2.3381959191210555,1.5340288127173363,-0.8152473284124606,0.8107088989441902
2023-09-29,-0.7409619310842941,-0.6706967303534261,-1.681325555722557,-1.3215010711620678,-1.7168169114041065,3.0989918127072302,-1.2936180206274406,0.8441630567588732,0.9463250420796765
2023-10-06,0.47690675248655,-1.1749811203411675,-2.7087710883612837,0.0,-2.2855334736944677,5.027236332611396,0.7474819573320746,-8.811543121489152,0.04446420631392112
2023-10-13,0.4474875246605503,0.9552064369676039,4.26305555116413,-0.7076801318328663,1.968672287886153,-3.92634714324398,-0.5412000865920086,5.918589201594382,0.003703703703705763
2023-10-20,-2.3942991556872073,-3.4396010508036867,-3.2696816653303817,-4.171523252925546,-3.3039513059055836,6.532390946145172,0.38189085440658577,1.2088037404493157,0.18147476019407804
2023-10-27,-2.5280765880080325,-0.9568164526318257,-0.8562875247605906,1.4755354513058982,-3.0395789473684265,-1.6097848871522547,-1.3995387435690176,-3.616901408450701,0.2513863216266232
2023-11-03,5.852522362576118,3.4126355975604206,3.091796542879721,0.6105451677104412,2.8456537881978994,-5.423406279733589,-3.2686271765858477,-5.880289922843119,-2.478058853897791
2023-11-10,1.3055429360719906,-0.20934629929767468,1.934967538229393,0.0655666352318729,1.7446819291148996,1.736505992476589,4.623238126730866,-4.148552974785746,-0.4083793390304624
2023-11-17,2.2372509761643844,2.821953035122138,3.1229629229328815,-0.5135940710834119,2.497862769021353,-4.651962681112687,-3.4924836536751935,-1.65867565115978,-1.530108588351442
2023-11-24,1.003983145843379,0.9126409547628445,0.120082655455378,-0.8424722609141622,1.084276373059101,0.7011768949813035,1.287483369153608,-0.46119383317959617,0.7364565259301958
2023-12-01,0.7740155373365365,1.352232705769807,-0.5770020576627233,-1.5582205816264016,0.3356524595154342,-6.065151684764358,-8.285506426319621,-1.945988880063565,-0.04210365153486384
2023-12-08,0.21198660175030248,1.2998712998713025,-3.3610506973810073,-2.3951442484380747,0.512572804100575,0.7150347983601923,4.0212409659792,-3.8342108815984766,0.09190120620332642
2023-12-15,2.493717924493466,0.921102782365657,2.051172686770353,-1.7035058509292655,1.8154377742915617,-7.445096554335484,-5.890825901840757,0.28078056998455114,-0.811048624660482
2023-12-22,0.7509763328028773,0.2077170013218277,0.602052437705769,-0.12928132154240712,1.4023467365694708,-0.4091025313219143,-2.6942468713423984,2.9819403611927697,0.5052647818876155
2023-12-29,0.31968838795026766,0.29103852596314983,0.8897451087685582,2.8131114726884343,2.14540432619994,-0.4082156611039722,-1.6932293955726152,-2.5965198477433393,-1.1359275462430096
2024-01-05,-1.5218571731067998,-0.5448965531639538,-0.25923248656697373,-2.9727988901550817,-2.907414660600771,4.294810651955339,3.077719475752372,3.0146545708304107,2.1388090986724784
2024-01-12,1.8434229462407803,0.07976825223561246,6.590353598330845,-1.3499103363962206,-2.0569571153726707,-2.6373680698025037,-5.400963316364971,-1.530957864787963,-0.1368145023372569
2024-01-19,1.1701920845849534,-1.5773135330145127,1.0854169998631091,-0.43816245809442655,-2.0716421457001033,4.661081492764674,5.801018315195106,1.0044028618601875,1.906610343646542
2024-01-26,1.0570662897923633,3.1114142016878343,-0.5900464557310747,1.9585415532543449,0.23536643561394843,0.35657109591034075,-0.8119511916980238,6.266176270262913,-0.19418925984018287
2024-02-02,1.3829567549995092,0.018601190476186247,1.138287609293931,-4.62502474638703,5.517316506358538,-2.8375994005752525,0.34261537400261943,-7.3452121522881715,-1.0439272618424034
2024-02-09,1.3713520522888434,0.18597731076808177,2.044912857507142,5.8277220934511265,0.19156428874589349,3.868255429239542,2.660525230303845,6.308799114554509,0.446175369607138
2024-02-16,-0.4185723579111955,1.3943031578078857,4.30875654720575,0.0,1.0853636197105665,2.485989366288277,3.609455568204667,3.0583029672045736,0.5495953322040226
2024-02-23,1.6627476990632495,1.1513659757114825,1.5886823788871407,3.709141051968401,0.7150515713012728,-0.7291082445316954,1.0341261633919352,-3.409521404217708,-0.33319606154768033
2024-03-01,0.9487501965099732,0.06636500754146901,2.077154522863678,1.3771799618309766,-0.9498819207556908,-1.6054613935969853,-3.3755544182872854,4.549614328670426,0.022537750732487538
2024-03-08,-0.2606539123393148,1.1415249809076045,-0.5559394670417661,0.2009723557012677,1.4377299081124395,-2.50968945882577,-1.2755721316178636,-2.4509190946604864,-0.875018777226988
2024-03-15,-0.12881341377014577,0.30600484838851916,-2.4724772190942934,0.7074932790959387,-0.5040386516686146,5.678666961152423,5.680116240080468,3.8841174208434914,0.7690850539874949
2024-03-22,2.2882145907146434,0.9587955625990352,5.634004036412454,-0.7000019607897978,3.0643008204466637,-2.51259782179597,-2.929604873508751,-0.5059230009871851,0.6429054816151636
2024-03-29,0.38535166922040176,0.5945373204615079,-1.2692832666844844,-0.21212976022566554,-0.07021858718746499,0.05240465925062665,0.6733346407792329,3.1501922361403922,0.6649482610482149
2024-04-05,-0.9517828085300772,-1.1937503657323378,-3.4118878042400436,0.8571073193346823,-1.1803555629990248,4.792514820369975,2.8246753246753187,4.4968137549597165,0.3970757412699033
2024-04-12,-1.5550482866223292,-0.25663804165433346,1.3630203877300184,-2.577498738718542,-1.1933490776321554,2.72628135223556,3.075465740448391,-1.4382694741686852,1.678125231019445
2024-04-19,-3.0483603693633787,-1.1796140524492738,-6.211992596818872,1.8936429755109563,-3.3544384037705766,2.1917020523708475,1.8216721806967984,-2.941863180014004,0.5016722408026641
2024-04-26,2.6721130287907124,1.7404714694866597,2.3373309035875645,1.2031081470271099,2.4874028689821026,0.9154457116887116,0.15243290946287402,0.8539812364686039,-0.506402372856829
2024-05-03,0.5456905544357182,-0.48230245285247886,0.7942847140722575,0.5613416399992133,0.7642122778420024,-3.330473943813006,-3.5526895502062783,-6.845557543231962,-0.8943503235657624
2024-05-10,1.8505047983634393,3.012679761834125,-0.01820270754813169,1.7170727917900308,1.9053810201634214,-0.25290059231980466,1.0278239202657913,0.1920368710792486,0.37050623624357293
2024-05-17,1.5430775004403818,0.41861894154697765,1.4603269602666558,0.3188518061904677,-0.1103522105270982,-1.7013989280074582,-0.8426677628198598,2.300025555839502,-0.9429479916669647
2024-05-24,0.0273416213015798,-0.453206868856848,-0.3642164023452854,-2.079679823380831,-1.3587215831932564,1.022670709081841,2.520468442325652,-2.922807894079449,1.055233737962591
2024-05-31,-0.5129394199882342,-0.4610330983345401,-0.40938143580298014,-0.5986427801903615,-1.9005804435183737,0.7502799552071782,-1.483997492974265,-0.9392691713844603,1.135492350943812
2024-06-07,1.3165299544671605,1.0382692938610827,0.509328905967843,-0.1622941294777469,3.2675648202934227,-1.4449260864732527,0.2893672912348322,-1.8963501753474388,-1.4079422382671458
2024-06-14,1.5823856038631234,-2.387546557157849,0.33768544199102024,-0.9115556040524719,1.3130493229073004,-4.795308447050861,-3.732503888024885,3.8660135045677224,1.0069571585499926
2024-06-21,0.6079240002945685,0.7944428138146886,-0.5618767802597735,-1.2963323761199352,0.936768149882905,0.8173612262787344,0.5909361448856343,2.906309751434044,0.6525285481239873
2024-06-28,-0.07576007114858951,-0.7163518471782759,2.556218224101836,-0.9715014789937082,0.4870234820024022,3.3063871786435994,0.4501077722835145,1.0033444816053505,-0.8463893390959876
2024-07-05,1.9542238045006988,1.0128661374213088,3.358227808447456,-0.8839689628675207,2.3021495307060436,-2.677373126180005,-3.1555695803092365,1.9867549668874052,0.32328369051943806
2024-07-12,0.8650683738115728,1.447928765001949,0.6802588068107518,1.204875461227739,-0.18272465874510369,-2.2321428571428603,-3.3040078201368672,-1.1423761423761447,-0.40551794054818346
2024-07-19,-1.965149100234187,-2.6808884139826072,-2.7357887755191213,1.9185577698421774,-2.154007700385019,1.338784097157486,1.3366581300265246,-2.530105826541784,1.1124441051368894
2024-07-26,-0.8337874659400502,0.548987314471705,-5.981411144577176,-3.6657040649671346,-2.273686620448867,-1.0615961688173803,-2.830920658848568,-3.7064769749157622,-0.48178909143207216
2024-08-02,-2.0615119708376817,-2.9210459606497263,-4.666394636636828,-0.7303573471309277,-2.039240089315131,-9.621116383318629,-11.484759992699411,-4.717470191809225,-1.6474583619350391
2024-08-09,-0.044888676083321144,0.26915737671988627,-2.4636797299893876,-1.5589219918508146,-3.2792888397311204,3.9415365132967395,4.466725088922097,4.515778019586514,0.2901957903243435
2024-08-16,3.9312071494865375,2.45597868547045,8.67286224125623,0.42021472972688656,4.203320159324386,-1.4518503477333855,-0.08388640793466351,-0.24726704841228075,-0.9779503333089079
2024-08-23,1.4468200027006217,1.3060905269332235,0.7923774133553829,-0.5511667458744762,0.16535482698916137,-2.153196311749861,-3.318764352915027,-2.374429223744301,-1.609025337525427
2024-08-30,0.24473743524395797,1.3355721537065879,0.7389167055700696,-0.17311905842468667,-1.0134397358690372,2.7480916030534264,0.03064899241438379,-1.7105438995055455,0.586466165413535
2024-09-06,-4.248636782097581,-3.5215693743452903,-5.838063017898842,-2.7120848550172605,-4.862188751491026,-5.0058922990213635,-6.901570279586366,-7.994561522773614,-0.20929884885633188
2024-09-13,4.023356174261616,1.8536797220467527,0.5228972613637195,-2.2312655701177464,1.223528856886813,-1.5291262135922357,-1.7497668805880107,1.4482045219447404,-0.1086142322097361
2024-09-20,1.3602866680175296,-0.3275511192945113,3.1221843891600765,1.323098836749237,0.6973646914471887,2.4648755237860476,0.2400625279142643,4.763292061179891,0.12372989389224376
2024-09-27,0.6246328396945167,2.687356590051726,5.581738478328457,15.702347667171711,2.1751620478373868,0.24857669793922899,-0.8855472013366783,-5.200222469410454,-1.8461653684841317
2024-10-04,0.22481034894399343,-1.802757158006385,-2.9976228710535513,8.482351384700127,-3.0217602970812774,5.775075987841949,10.184873005169703,9.09357582868875,2.8728396474762663
2024-10-11,1.1121408711770142,0.6595186670780739,2.5111024489836042,-3.2524857821969455,1.058485198718917,3.3550110909457587,0.8593212127393723,1.5864479698843859,0.2039756712653995
2024-10-18,0.8536499381774476,0.576650446377247,-1.5756530609153274,0.9791184846559275,-0.11898756599187932,-0.42679803916786385,-0.17950144106790855,-8.39068290100583,1.3212924238498847
2024-10-25,-0.9642486278000351,-1.1771652793386655,-2.7393074964566777,0.7946031187981317,-0.4067360109799467,3.8478495150386927,3.9586657548818405,3.6983530771453443,1.556107539450613
2024-11-01,-1.3656742629284513,-1.5246429328655942,0.3685981296579266,-1.6782849141395495,-1.583651728235913,3.3892308780867575,2.455781318520689,-3.1903037057676276,-0.830875476584414
2024-11-08,4.656123446446014,-0.8357799960853396,3.8017358115524758,5.502028267206849,0.7390770779905242,-1.8090154211150788,1.1532791173253454,1.2807598215570648,1.2585687860433126
2024-11-15,-2.0835487712532963,-0.6928132956990241,-2.17076447638338,-3.2947941667377356,-5.633797317611233,3.1387217433729075,1.1612872893109971,-4.774083546462061,0.182677842252299
2024-11-22,1.6815941076070429,1.0633646048656464,-0.929174329780047,-2.5984988019139177,3.49130690234436,-0.8830022075055233,1.6196872167871135,6.296627872276939,0.5398834423826271
2024-11-29,1.056063149359887,0.35006981729501785,-0.1980469571372767,1.3161911167447027,-1.812301098655067,-5.26566974228444,-5.078893208323809,-4.548006737787757,-0.6258890469416745
2024-12-06,0.9596543984298211,2.0029397354238254,2.3113989389141443,1.4441170613136878,-1.1299273996196901,-0.3742353364519668,-1.1322845647931734,-1.17647058823529,1.8751789292871468
2024-12-13,-0.6433212320636095,-0.7723788114588737,0.9702191057469056,-1.0057536356634866,2.7304625724828835,5.870596450673027,3.433319525329548,6.08630952380953,0.8465645637206753
2024-12-20,-1.9870800136834843,-2.76115790492788,-1.9471280279621972,-0.1383104765101062,-3.62042285705122,2.854413537425793,1.5407086317376528,-2.566979941085723,0.8150754118917414
2024-12-27,0.6742709729633978,0.9936478225372802,4.080574855498065,1.3567598669973258,0.025788740303211988,2.279863783114422,0.37121247273907976,1.6412323639504844,1.641156756383233
2025-01-03,-0.47514252600974194,0.19914034465080555,-0.9598035409109418,-5.1710235793249515,1.5448462846758826,-0.6010420945668393,-1.0979612593037813,4.759206798866855,-0.003399279352789275
2025-01-10,-1.942458270719083,0.651331195025473,-1.765003431547274,-1.1308100032581314,3.024669112829259,3.5171288743882423,2.348844275130313,3.5289345592212085,0.030594554169360855
2025-01-17,2.9109118866525785,2.3695014662756586,-1.8855127786396753,2.1395961934156382,0.30885053542042407,-2.777777777777779,-2.2058823529411686,1.7108528144181845,-0.9481410997077444
2025-01-24,1.7439708104177942,1.2318093273748332,3.850360948582976,0.5382520971371818,0.5250539914009922,-0.12102874432676769,-0.39929015084294583,-4.134565998972772,-1.8423851511304656
2025-01-31,-0.995043630475112,1.7846699492519713,-0.9002558851326836,-0.41170301028475853,-0.7659255755282368,-1.789501017007833,-1.603563474387537,-2.852933297615856,1.6637539321915362
2025-02-07,-0.24070735514929442,0.5968157470390922,-1.984888997381773,1.981095497081542,0.18074418937223946,-0.9694405887148427,2.194372304686576,-2.1094719426444253,-0.3816268995392891
